generation,module_id,mean_recall1,latency
1,elm-0,0.000,278.45
1,elm-1,0.000,288.54
1,elm-2,0.000,88.54
1,elm-3,0.000,248.01
1,elm-4,0.200,184.58
1,transformer-0,0.000,2.85
1,transformer-1,0.000,2.26
1,transformer-2,0.000,2.03
1,transformer-3,0.000,2.05
1,transformer-4,0.000,2.04
2,transformer-1,0.000,2.62
2,transformer-3,0.000,2.09
2,transformer-4,0.000,2.15
2,transformer-2,0.000,3.11
2,elm-4,0.000,188.11
2,transformer-1751690077808-0,0.000,2.26
2,transformer-1751690077809-1,0.000,2.61
2,transformer-1751690077809-2,0.000,1.97
2,transformer-1751690077809-3,0.000,1.98
2,elm-1751690077829-4,0.000,194.87
3,transformer-1751690077808-0,0.000,2.23
3,transformer-4,0.000,1.96
3,transformer-3,0.000,2.14
3,transformer-1751690077809-3,0.000,1.97
3,transformer-1751690077809-2,0.000,5.28
3,transformer-1751690079004-0,0.000,2.08
3,transformer-1751690079005-1,0.000,2.01
3,transformer-1751690079005-2,0.000,1.93
3,transformer-1751690079005-3,0.000,1.93
3,transformer-1751690079006-4,0.000,1.91
4,transformer-1751690077809-3,0.000,2.37
4,transformer-4,0.000,2.18
4,transformer-1751690079005-2,0.000,2.08
4,transformer-1751690079005-3,0.000,2.15
4,transformer-1751690079006-4,0.000,1.95
4,transformer-1751690079048-0,0.000,2.62
4,transformer-1751690079049-1,0.000,2.01
4,transformer-1751690079049-2,0.000,1.96
4,transformer-1751690079049-3,0.000,1.96
4,transformer-1751690079049-4,0.000,2.64
5,transformer-1751690079005-2,0.000,2.34
5,transformer-1751690079049-1,0.000,1.95
5,transformer-1751690079049-2,0.000,2.00
5,transformer-1751690079049-3,0.000,2.37
5,transformer-1751690079006-4,0.000,2.50
5,transformer-1751690079088-0,0.000,3.00
5,transformer-1751690079088-1,0.000,3.36
5,transformer-1751690079089-2,0.000,2.37
5,transformer-1751690079089-3,0.000,2.39
5,transformer-1751690079089-4,0.000,2.40
6,transformer-1751690079049-3,0.000,2.43
6,transformer-1751690079089-2,0.000,2.53
6,transformer-1751690079005-2,0.000,2.00
6,transformer-1751690079049-2,0.000,1.93
6,transformer-1751690079049-1,0.000,1.92
6,transformer-1751690079134-0,0.000,1.91
6,transformer-1751690079134-1,0.000,1.96
6,transformer-1751690079135-2,0.000,1.89
6,transformer-1751690079135-3,0.000,2.20
6,transformer-1751690079135-4,0.000,2.28
7,transformer-1751690079134-1,0.000,2.12
7,transformer-1751690079049-2,0.000,1.91
7,transformer-1751690079049-1,0.000,1.93
7,transformer-1751690079134-0,0.000,1.94
7,transformer-1751690079135-2,0.000,1.95
7,transformer-1751690079173-0,0.000,2.16
7,transformer-1751690079174-1,0.000,1.92
7,transformer-1751690079174-2,0.000,1.95
7,transformer-1751690079174-3,0.000,1.91
7,transformer-1751690079174-4,0.000,1.93
8,transformer-1751690079174-4,0.000,2.25
8,transformer-1751690079049-1,0.000,1.90
8,transformer-1751690079174-1,0.000,2.00
8,transformer-1751690079174-3,0.000,2.09
8,transformer-1751690079049-2,0.000,2.17
8,transformer-1751690079212-0,0.000,1.90
8,transformer-1751690079212-1,0.000,1.90
8,transformer-1751690079212-2,0.000,1.92
8,transformer-1751690079212-3,0.000,1.90
8,transformer-1751690079213-4,0.000,1.91
9,transformer-1751690079213-4,0.000,2.88
9,transformer-1751690079049-1,0.000,2.22
9,transformer-1751690079212-3,0.000,1.92
9,transformer-1751690079212-1,0.000,1.93
9,transformer-1751690079212-0,0.000,1.91
9,transformer-1751690079250-0,0.000,1.92
9,transformer-1751690079251-1,0.000,1.93
9,transformer-1751690079251-2,0.000,1.91
9,transformer-1751690079251-3,0.000,2.13
9,transformer-1751690079251-4,0.000,1.91
10,transformer-1751690079212-3,0.000,2.13
10,transformer-1751690079250-0,0.000,2.48
10,transformer-1751690079212-0,0.000,1.93
10,transformer-1751690079251-2,0.000,1.92
10,transformer-1751690079251-4,0.000,1.92
10,transformer-1751690079289-0,0.000,1.92
10,transformer-1751690079289-1,0.000,2.18
10,transformer-1751690079289-2,0.000,1.92
10,transformer-1751690079289-3,0.000,1.90
10,transformer-1751690079290-4,0.000,1.90
11,transformer-1751690079251-2,0.000,2.30
11,transformer-1751690079289-0,0.000,2.45
11,transformer-1751690079289-2,0.000,1.92
11,transformer-1751690079289-3,0.000,1.97
11,transformer-1751690079290-4,0.000,2.02
11,transformer-1751690079326-0,0.000,2.22
11,transformer-1751690079327-1,0.000,1.95
11,transformer-1751690079327-2,0.000,2.05
11,transformer-1751690079327-3,0.000,2.47
11,transformer-1751690079327-4,0.000,1.93
12,transformer-1751690079290-4,0.000,2.14
12,transformer-1751690079289-3,0.000,2.05
12,transformer-1751690079327-1,0.000,2.88
12,transformer-1751690079327-4,0.000,1.91
12,transformer-1751690079289-2,0.000,1.91
12,transformer-1751690079366-0,0.000,1.93
12,transformer-1751690079366-1,0.000,1.94
12,transformer-1751690079366-2,0.000,1.92
12,transformer-1751690079367-3,0.000,1.96
12,transformer-1751690079367-4,0.000,2.59
13,transformer-1751690079366-1,0.000,2.40
13,transformer-1751690079366-0,0.000,1.91
13,transformer-1751690079366-2,0.000,1.89
13,transformer-1751690079327-4,0.000,2.49
13,transformer-1751690079289-2,0.000,1.90
13,transformer-1751690079405-0,0.000,1.88
13,transformer-1751690079405-1,0.000,2.07
13,transformer-1751690079405-2,0.000,1.92
13,transformer-1751690079405-3,0.000,1.89
13,transformer-1751690079406-4,0.000,1.88
14,transformer-1751690079289-2,0.000,2.10
14,transformer-1751690079405-3,0.000,1.88
14,transformer-1751690079366-2,0.000,1.87
14,transformer-1751690079406-4,0.000,1.95
14,transformer-1751690079405-0,0.000,2.03
14,transformer-1751690079442-0,0.000,2.65
14,transformer-1751690079442-1,0.000,1.89
14,transformer-1751690079443-2,0.000,1.87
14,transformer-1751690079443-3,0.000,1.86
14,transformer-1751690079443-4,0.000,1.89
15,transformer-1751690079442-1,0.000,2.08
15,transformer-1751690079405-3,0.000,1.87
15,transformer-1751690079366-2,0.000,2.02
15,transformer-1751690079443-2,0.000,1.90
15,transformer-1751690079443-3,0.000,1.88
15,transformer-1751690079480-0,0.000,1.91
15,transformer-1751690079480-1,0.000,1.90
15,transformer-1751690079480-2,0.000,2.51
15,transformer-1751690079480-3,0.000,1.89
15,transformer-1751690079481-4,0.000,1.86
16,transformer-1751690079443-2,0.000,2.29
16,transformer-1751690079480-3,0.000,1.89
16,transformer-1751690079443-3,0.000,1.89
16,transformer-1751690079405-3,0.000,1.88
16,transformer-1751690079481-4,0.000,1.92
16,transformer-1751690079517-0,0.000,1.90
16,transformer-1751690079518-1,0.000,1.90
16,transformer-1751690079518-2,0.000,1.90
16,transformer-1751690079518-3,0.000,1.93
16,transformer-1751690079518-4,0.000,1.89
17,transformer-1751690079518-1,0.000,2.11
17,transformer-1751690079518-4,0.000,1.87
17,transformer-1751690079480-3,0.000,1.87
17,transformer-1751690079443-3,0.000,1.87
17,transformer-1751690079405-3,0.000,1.88
17,transformer-1751690079554-0,0.000,1.88
17,transformer-1751690079555-1,0.000,2.12
17,transformer-1751690079555-2,0.000,2.01
17,transformer-1751690079556-3,0.000,1.98
17,transformer-1751690079556-4,0.000,1.90
18,transformer-1751690079554-0,0.000,2.13
18,transformer-1751690079405-3,0.000,1.90
18,transformer-1751690079480-3,0.000,1.89
18,transformer-1751690079518-4,0.000,2.37
18,transformer-1751690079443-3,0.000,3.26
18,transformer-1751690079592-0,0.000,6.43
18,transformer-1751690079593-1,0.000,2.32
18,transformer-1751690079593-2,0.000,2.32
18,transformer-1751690079593-3,0.000,3.01
18,transformer-1751690079594-4,0.000,4.74
19,transformer-1751690079593-2,0.000,2.48
19,transformer-1751690079593-1,0.000,1.89
19,transformer-1751690079554-0,0.000,1.88
19,transformer-1751690079405-3,0.000,1.90
19,transformer-1751690079480-3,0.000,1.96
19,transformer-1751690079642-0,0.000,2.03
19,transformer-1751690079642-1,0.000,2.09
19,transformer-1751690079643-2,0.000,1.88
19,transformer-1751690079643-3,0.000,1.87
19,transformer-1751690079643-4,0.000,1.89
20,transformer-1751690079593-1,0.000,2.22
20,transformer-1751690079643-4,0.000,1.87
20,transformer-1751690079643-2,0.000,2.05
20,transformer-1751690079554-0,0.000,2.14
20,transformer-1751690079643-3,0.000,1.91
20,transformer-1751690079680-0,0.000,1.89
20,transformer-1751690079680-1,0.000,1.86
20,transformer-1751690079680-2,0.000,1.86
20,transformer-1751690079681-3,0.000,1.88
20,transformer-1751690079681-4,0.000,1.86
21,transformer-1751690079681-3,0.000,2.25
21,transformer-1751690079643-4,0.000,3.03
21,transformer-1751690079680-2,0.000,1.90
21,transformer-1751690079680-1,0.000,1.87
21,transformer-1751690079681-4,0.000,1.91
21,transformer-1751690079718-0,0.000,1.88
21,transformer-1751690079718-1,0.000,1.86
21,transformer-1751690079718-2,0.000,1.86
21,transformer-1751690079719-3,0.000,2.12
21,transformer-1751690079719-4,0.000,1.88
22,transformer-1751690079719-4,0.000,2.08
22,transformer-1751690079718-0,0.000,1.87
22,transformer-1751690079680-1,0.000,1.89
22,transformer-1751690079718-2,0.000,2.38
22,transformer-1751690079718-1,0.000,1.86
22,transformer-1751690079756-0,0.000,1.86
22,transformer-1751690079756-1,0.000,2.11
22,transformer-1751690079756-2,0.000,1.88
22,transformer-1751690079756-3,0.000,1.86
22,transformer-1751690079757-4,0.000,1.85
23,transformer-1751690079718-0,0.000,2.08
23,transformer-1751690079756-3,0.000,1.88
23,transformer-1751690079718-1,0.000,1.87
23,transformer-1751690079756-0,0.000,1.89
23,transformer-1751690079757-4,0.000,2.12
23,transformer-1751690079793-0,0.000,2.51
23,transformer-1751690079793-1,0.000,1.94
23,transformer-1751690079793-2,0.000,1.89
23,transformer-1751690079794-3,0.000,1.85
23,transformer-1751690079794-4,0.000,1.86
24,transformer-1751690079756-0,0.000,2.10
24,transformer-1751690079756-3,0.000,1.91
24,transformer-1751690079718-1,0.000,2.06
24,transformer-1751690079794-4,0.000,2.08
24,transformer-1751690079794-3,0.000,2.45
24,transformer-1751690079831-0,0.000,1.88
24,transformer-1751690079831-1,0.000,1.93
24,transformer-1751690079831-2,0.000,1.90
24,transformer-1751690079831-3,0.000,2.45
24,transformer-1751690079832-4,0.000,1.93
25,transformer-1751690079832-4,0.000,2.16
25,transformer-1751690079831-1,0.000,1.91
25,transformer-1751690079756-3,0.000,1.90
25,transformer-1751690079831-2,0.000,1.91
25,transformer-1751690079831-0,0.000,1.92
25,transformer-1751690079869-0,0.000,1.91
25,transformer-1751690079869-1,0.000,1.90
25,transformer-1751690079870-2,0.000,2.15
25,transformer-1751690079870-3,0.000,1.94
25,transformer-1751690079870-4,0.000,1.91
26,transformer-1751690079870-4,0.000,2.29
26,transformer-1751690079869-0,0.000,1.89
26,transformer-1751690079831-2,0.000,1.89
26,transformer-1751690079756-3,0.000,1.90
26,transformer-1751690079869-1,0.000,1.92
26,transformer-1751690079907-0,0.000,1.99
26,transformer-1751690079908-1,0.000,2.03
26,transformer-1751690079908-2,0.000,2.22
26,transformer-1751690079908-3,0.000,1.93
26,transformer-1751690079908-4,0.000,1.92
27,transformer-1751690079908-4,0.000,2.15
27,transformer-1751690079869-1,0.000,1.92
27,transformer-1751690079756-3,0.000,1.94
27,transformer-1751690079831-2,0.000,2.01
27,transformer-1751690079869-0,0.000,2.19
27,transformer-1751690079945-0,0.000,1.90
27,transformer-1751690079945-1,0.000,1.92
27,transformer-1751690079945-2,0.000,1.89
27,transformer-1751690079946-3,0.000,1.90
27,transformer-1751690079946-4,0.000,1.89
28,transformer-1751690079945-1,0.000,2.09
28,transformer-1751690079945-0,0.000,2.77
28,transformer-1751690079946-3,0.000,2.24
28,transformer-1751690079945-2,0.000,1.89
28,transformer-1751690079946-4,0.000,1.86
28,transformer-1751690079983-0,0.000,1.86
28,transformer-1751690079983-1,0.000,1.89
28,transformer-1751690079983-2,0.000,1.86
28,transformer-1751690079984-3,0.000,1.85
28,transformer-1751690079984-4,0.000,2.10
29,transformer-1751690079945-2,0.000,2.43
29,transformer-1751690079946-4,0.000,1.87
29,transformer-1751690079983-0,0.000,1.88
29,transformer-1751690079983-2,0.000,2.41
29,transformer-1751690079984-3,0.000,1.86
29,transformer-1751690080021-0,0.000,1.87
29,transformer-1751690080021-1,0.000,1.92
29,transformer-1751690080021-2,0.000,2.08
29,transformer-1751690080021-3,0.000,1.88
29,transformer-1751690080022-4,0.000,1.87
30,transformer-1751690079983-0,0.000,2.18
30,transformer-1751690080022-4,0.000,1.88
30,transformer-1751690080021-0,0.000,1.88
30,transformer-1751690079946-4,0.000,1.86
30,transformer-1751690079984-3,0.000,1.91
30,transformer-1751690080058-0,0.000,2.03
30,transformer-1751690080059-1,0.000,3.10
30,transformer-1751690080059-2,0.000,1.88
30,transformer-1751690080059-3,0.000,1.87
30,transformer-1751690080059-4,0.000,1.86
31,transformer-1751690080022-4,0.000,2.10
31,transformer-1751690080021-0,0.000,1.86
31,transformer-1751690080059-3,0.000,1.98
31,transformer-1751690080059-4,0.000,2.01
31,transformer-1751690079946-4,0.000,2.18
31,transformer-1751690080097-0,0.000,1.88
31,transformer-1751690080097-1,0.000,1.89
31,transformer-1751690080097-2,0.000,1.91
31,transformer-1751690080097-3,0.000,2.50
31,transformer-1751690080098-4,0.000,1.87
32,transformer-1751690080097-2,0.000,2.30
32,transformer-1751690080097-1,0.000,1.93
32,transformer-1751690080097-0,0.000,1.91
32,transformer-1751690080098-4,0.000,1.88
32,transformer-1751690080021-0,0.000,1.89
32,transformer-1751690080136-0,0.000,1.92
32,transformer-1751690080136-1,0.000,1.92
32,transformer-1751690080136-2,0.000,2.07
32,transformer-1751690080136-3,0.000,2.07
32,transformer-1751690080137-4,0.000,2.19
33,transformer-1751690080136-1,0.000,2.18
33,transformer-1751690080136-0,0.000,1.91
33,transformer-1751690080097-0,0.000,1.96
33,transformer-1751690080021-0,0.000,1.89
33,transformer-1751690080098-4,0.000,1.98
33,transformer-1751690080174-0,0.000,2.07
33,transformer-1751690080175-1,0.000,2.23
33,transformer-1751690080175-2,0.000,1.97
33,transformer-1751690080176-3,0.000,1.96
33,transformer-1751690080176-4,0.000,1.96
34,transformer-1751690080176-3,0.000,2.18
34,transformer-1751690080097-0,0.000,1.98
34,transformer-1751690080176-4,0.000,2.06
34,transformer-1751690080136-0,0.000,2.23
34,transformer-1751690080021-0,0.000,1.95
34,transformer-1751690080213-0,0.000,1.94
34,transformer-1751690080214-1,0.000,1.95
34,transformer-1751690080214-2,0.000,1.93
34,transformer-1751690080214-3,0.000,1.94
34,transformer-1751690080214-4,0.000,1.94
35,transformer-1751690080021-0,0.000,2.83
35,transformer-1751690080214-4,0.000,3.34
35,transformer-1751690080213-0,0.000,2.47
35,transformer-1751690080214-3,0.000,2.43
35,transformer-1751690080214-2,0.000,2.32
35,transformer-1751690080252-0,0.000,2.67
35,transformer-1751690080252-1,0.000,2.69
35,transformer-1751690080253-2,0.000,3.24
35,transformer-1751690080253-3,0.000,2.43
35,transformer-1751690080253-4,0.000,4.67
36,transformer-1751690080252-0,0.000,2.31
36,transformer-1751690080213-0,0.000,2.31
36,transformer-1751690080214-3,0.000,1.90
36,transformer-1751690080253-3,0.000,1.90
36,transformer-1751690080214-2,0.000,1.91
36,transformer-1751690080300-0,0.000,1.92
36,transformer-1751690080300-1,0.000,1.90
36,transformer-1751690080301-2,0.000,1.91
36,transformer-1751690080301-3,0.000,2.02
36,transformer-1751690080301-4,0.000,2.06
37,transformer-1751690080301-2,0.000,2.09
37,transformer-1751690080214-2,0.000,1.89
37,transformer-1751690080253-3,0.000,1.89
37,transformer-1751690080300-1,0.000,1.89
37,transformer-1751690080214-3,0.000,1.96
37,transformer-1751690080339-0,0.000,1.99
37,transformer-1751690080339-1,0.000,2.07
37,transformer-1751690080339-2,0.000,1.91
37,transformer-1751690080340-3,0.000,1.89
37,transformer-1751690080340-4,0.000,1.89
38,transformer-1751690080214-2,0.000,2.18
38,transformer-1751690080300-1,0.000,2.56
38,transformer-1751690080340-3,0.000,1.93
38,transformer-1751690080253-3,0.000,2.11
38,transformer-1751690080340-4,0.000,2.16
38,transformer-1751690080377-0,0.000,1.90
38,transformer-1751690080377-1,0.000,1.89
38,transformer-1751690080378-2,0.000,1.88
38,transformer-1751690080378-3,0.000,1.89
38,transformer-1751690080378-4,0.000,1.89
39,transformer-1751690080377-0,0.000,2.21
39,transformer-1751690080377-1,0.000,2.04
39,transformer-1751690080378-3,0.000,2.05
39,transformer-1751690080378-4,0.000,2.43
39,transformer-1751690080378-2,0.000,1.86
39,transformer-1751690080417-0,0.000,1.86
39,transformer-1751690080417-1,0.000,1.88
39,transformer-1751690080417-2,0.000,1.86
39,transformer-1751690080417-3,0.000,2.00
39,transformer-1751690080418-4,0.000,1.93
40,transformer-1751690080418-4,0.000,2.16
40,transformer-1751690080417-1,0.000,1.87
40,transformer-1751690080378-2,0.000,1.86
40,transformer-1751690080417-2,0.000,1.89
40,transformer-1751690080417-0,0.000,1.90
40,transformer-1751690080455-0,0.000,1.89
40,transformer-1751690080455-1,0.000,2.72
40,transformer-1751690080455-2,0.000,2.15
40,transformer-1751690080456-3,0.000,1.89
40,transformer-1751690080456-4,0.000,1.87
41,transformer-1751690080417-2,0.000,2.17
41,transformer-1751690080455-0,0.000,1.88
41,transformer-1751690080417-1,0.000,1.86
41,transformer-1751690080456-4,0.000,1.90
41,transformer-1751690080378-2,0.000,2.02
41,transformer-1751690080493-0,0.000,2.20
41,transformer-1751690080494-1,0.000,1.94
41,transformer-1751690080494-2,0.000,1.89
41,transformer-1751690080494-3,0.000,2.52
41,transformer-1751690080494-4,0.000,1.86
42,transformer-1751690080456-4,0.000,2.17
42,transformer-1751690080494-2,0.000,2.05
42,transformer-1751690080455-0,0.000,2.18
42,transformer-1751690080417-1,0.000,1.98
42,transformer-1751690080494-4,0.000,2.28
42,transformer-1751690080532-0,0.000,2.28
42,transformer-1751690080533-1,0.000,1.91
42,transformer-1751690080533-2,0.000,1.87
42,transformer-1751690080533-3,0.000,1.86
42,transformer-1751690080533-4,0.000,2.08
43,transformer-1751690080494-2,0.000,2.54
43,transformer-1751690080417-1,0.000,1.89
43,transformer-1751690080533-1,0.000,1.88
43,transformer-1751690080533-2,0.000,1.87
43,transformer-1751690080533-3,0.000,1.86
43,transformer-1751690080571-0,0.000,1.87
43,transformer-1751690080571-1,0.000,1.97
43,transformer-1751690080571-2,0.000,2.18
43,transformer-1751690080572-3,0.000,1.88
43,transformer-1751690080572-4,0.000,1.87
44,transformer-1751690080572-3,0.000,2.14
44,transformer-1751690080571-0,0.000,1.87
44,transformer-1751690080572-4,0.000,1.89
44,transformer-1751690080533-2,0.000,1.90
44,transformer-1751690080533-3,0.000,2.00
44,transformer-1751690080608-0,0.000,1.99
44,transformer-1751690080609-1,0.000,2.15
44,transformer-1751690080609-2,0.000,1.91
44,transformer-1751690080609-3,0.000,1.89
44,transformer-1751690080609-4,0.000,1.90
45,transformer-1751690080609-4,0.000,2.25
45,transformer-1751690080533-2,0.000,2.51
45,transformer-1751690080572-4,0.000,2.16
45,transformer-1751690080609-3,0.000,2.45
45,transformer-1751690080571-0,0.000,1.98
45,transformer-1751690080647-0,0.000,2.05
45,transformer-1751690080647-1,0.000,11.82
45,transformer-1751690080647-2,0.000,14.66
45,transformer-1751690080648-3,0.000,9.03
45,transformer-1751690080648-4,0.000,2.72
46,transformer-1751690080609-3,0.000,2.27
46,transformer-1751690080609-4,0.000,2.05
46,transformer-1751690080572-4,0.000,2.26
46,transformer-1751690080647-0,0.000,1.90
46,transformer-1751690080571-0,0.000,2.52
46,transformer-1751690080831-0,0.000,1.88
46,transformer-1751690080832-1,0.000,1.89
46,transformer-1751690080832-2,0.000,1.88
46,transformer-1751690080832-3,0.000,2.10
46,transformer-1751690080832-4,0.000,1.90
47,transformer-1751690080647-0,0.000,2.16
47,transformer-1751690080832-4,0.000,1.88
47,transformer-1751690080832-1,0.000,1.86
47,transformer-1751690080831-0,0.000,1.88
47,transformer-1751690080832-2,0.000,1.87
47,transformer-1751690080874-0,0.000,2.08
47,transformer-1751690080874-1,0.000,3.07
47,transformer-1751690080874-2,0.000,1.94
47,transformer-1751690080875-3,0.000,1.91
47,transformer-1751690080875-4,0.000,1.94
48,transformer-1751690080875-3,0.000,2.53
48,transformer-1751690080832-4,0.000,1.92
48,transformer-1751690080831-0,0.000,1.88
48,transformer-1751690080832-2,0.000,1.90
48,transformer-1751690080832-1,0.000,1.91
48,transformer-1751690080917-0,0.000,1.87
48,transformer-1751690080917-1,0.000,1.89
48,transformer-1751690080918-2,0.000,1.94
48,transformer-1751690080918-3,0.000,2.71
48,transformer-1751690080918-4,0.000,2.25
49,transformer-1751690080832-1,0.000,2.48
49,transformer-1751690080832-2,0.000,1.93
49,transformer-1751690080917-1,0.000,1.91
49,transformer-1751690080831-0,0.000,1.89
49,transformer-1751690080917-0,0.000,1.89
49,transformer-1751690080957-0,0.000,1.88
49,transformer-1751690080958-1,0.000,1.87
49,transformer-1751690080958-2,0.000,1.88
49,transformer-1751690080958-3,0.000,1.99
49,transformer-1751690080958-4,0.000,1.99
50,transformer-1751690080831-0,0.000,2.13
50,transformer-1751690080917-0,0.000,1.90
50,transformer-1751690080957-0,0.000,1.91
50,transformer-1751690080958-2,0.000,1.88
50,transformer-1751690080958-1,0.000,1.88
50,transformer-1751690081009-0,0.000,1.88
50,transformer-1751690081009-1,0.000,2.21
50,transformer-1751690081009-2,0.000,1.89
50,transformer-1751690081010-3,0.000,1.88
50,transformer-1751690081010-4,0.000,1.89
51,transformer-1751690081010-4,0.000,3.02
51,transformer-1751690081009-0,0.000,1.88
51,transformer-1751690081010-3,0.000,1.89
51,transformer-1751690080958-2,0.000,1.86
51,transformer-1751690080958-1,0.000,1.87
51,transformer-1751690081063-0,0.000,1.88
51,transformer-1751690081063-1,0.000,1.86
51,transformer-1751690081063-2,0.000,1.96
51,transformer-1751690081064-3,0.000,2.18
51,transformer-1751690081064-4,0.000,2.21
52,transformer-1751690081009-0,0.000,2.19
52,transformer-1751690081063-0,0.000,1.93
52,transformer-1751690080958-1,0.000,2.62
52,transformer-1751690081063-1,0.000,2.22
52,transformer-1751690080958-2,0.000,1.90
52,transformer-1751690081112-0,0.000,1.89
52,transformer-1751690081112-1,0.000,1.87
52,transformer-1751690081112-2,0.000,1.92
52,transformer-1751690081112-3,0.000,1.94
52,transformer-1751690081113-4,0.000,1.97
53,transformer-1751690081063-0,0.000,2.29
53,transformer-1751690081112-2,0.000,1.96
53,transformer-1751690080958-2,0.000,1.95
53,transformer-1751690081112-0,0.000,1.93
53,transformer-1751690081112-1,0.000,1.92
53,transformer-1751690081156-0,0.000,3.00
53,transformer-1751690081156-1,0.000,2.00
53,transformer-1751690081157-2,0.000,1.98
53,transformer-1751690081157-3,0.000,1.95
53,transformer-1751690081157-4,0.000,1.92
54,transformer-1751690080958-2,0.000,2.32
54,transformer-1751690081157-3,0.000,2.23
54,transformer-1751690081112-0,0.000,1.94
54,transformer-1751690081157-4,0.000,1.95
54,transformer-1751690081112-1,0.000,1.94
54,transformer-1751690081199-0,0.000,1.97
54,transformer-1751690081199-1,0.000,1.95
54,transformer-1751690081200-2,0.000,1.97
54,transformer-1751690081200-3,0.000,2.71
54,transformer-1751690081200-4,0.000,3.60
55,transformer-1751690081200-2,0.000,2.30
55,transformer-1751690081199-1,0.000,1.87
55,transformer-1751690081157-4,0.000,2.16
55,transformer-1751690081112-0,0.000,1.89
55,transformer-1751690081112-1,0.000,1.90
55,transformer-1751690081248-0,0.000,1.87
55,transformer-1751690081248-1,0.000,2.06
55,transformer-1751690081249-2,0.000,2.21
55,transformer-1751690081249-3,0.000,2.01
55,transformer-1751690081249-4,0.000,1.90
56,transformer-1751690081249-4,0.000,2.68
56,transformer-1751690081112-1,0.000,2.20
56,transformer-1751690081112-0,0.000,1.97
56,transformer-1751690081199-1,0.000,1.91
56,transformer-1751690081248-0,0.000,1.92
56,transformer-1751690081294-0,0.000,1.91
56,transformer-1751690081295-1,0.000,1.91
56,transformer-1751690081295-2,0.000,1.90
56,transformer-1751690081295-3,0.000,1.90
56,transformer-1751690081295-4,0.000,2.03
57,transformer-1751690081295-1,0.000,2.18
57,transformer-1751690081199-1,0.000,1.93
57,transformer-1751690081294-0,0.000,1.88
57,transformer-1751690081295-3,0.000,2.47
57,transformer-1751690081295-2,0.000,1.93
57,transformer-1751690081336-0,0.000,1.98
57,transformer-1751690081336-1,0.000,2.06
57,transformer-1751690081337-2,0.000,2.20
57,transformer-1751690081337-3,0.000,1.90
57,transformer-1751690081337-4,0.000,1.90
58,transformer-1751690081199-1,0.000,2.78
58,transformer-1751690081295-2,0.000,2.07
58,transformer-1751690081337-4,0.000,2.05
58,transformer-1751690081337-3,0.000,2.04
58,transformer-1751690081294-0,0.000,2.15
58,transformer-1751690081377-0,0.000,2.06
58,transformer-1751690081377-1,0.000,2.49
58,transformer-1751690081377-2,0.000,2.20
58,transformer-1751690081378-3,0.000,1.96
58,transformer-1751690081378-4,0.000,1.95
59,transformer-1751690081377-0,0.000,2.24
59,transformer-1751690081337-4,0.000,1.90
59,transformer-1751690081337-3,0.000,1.89
59,transformer-1751690081378-3,0.000,1.89
59,transformer-1751690081378-4,0.000,2.02
59,transformer-1751690081425-0,0.000,2.17
59,transformer-1751690081425-1,0.000,2.00
59,transformer-1751690081425-2,0.000,1.92
59,transformer-1751690081426-3,0.000,2.45
59,transformer-1751690081426-4,0.000,1.88
60,transformer-1751690081425-2,0.000,2.51
60,transformer-1751690081337-4,0.000,1.90
60,transformer-1751690081337-3,0.000,1.86
60,transformer-1751690081378-3,0.000,1.86
60,transformer-1751690081426-4,0.000,1.86
60,transformer-1751690081466-0,0.000,1.87
60,transformer-1751690081466-1,0.000,1.86
60,transformer-1751690081466-2,0.000,1.91
60,transformer-1751690081467-3,0.000,1.97
60,transformer-1751690081467-4,0.000,2.15
61,transformer-1751690081466-0,0.000,2.24
61,transformer-1751690081466-1,0.000,1.87
61,transformer-1751690081337-3,0.000,1.87
61,transformer-1751690081378-3,0.000,1.91
61,transformer-1751690081426-4,0.000,1.85
61,transformer-1751690081505-0,0.000,2.02
61,transformer-1751690081505-1,0.000,2.23
61,transformer-1751690081506-2,0.000,1.90
61,transformer-1751690081506-3,0.000,1.90
61,transformer-1751690081506-4,0.000,1.89
62,transformer-1751690081506-3,0.000,2.64
62,transformer-1751690081506-4,0.000,1.86
62,transformer-1751690081466-1,0.000,2.01
62,transformer-1751690081337-3,0.000,3.09
62,transformer-1751690081426-4,0.000,2.15
62,transformer-1751690081546-0,0.000,1.90
62,transformer-1751690081546-1,0.000,1.92
62,transformer-1751690081546-2,0.000,1.88
62,transformer-1751690081546-3,0.000,1.88
62,transformer-1751690081547-4,0.000,1.89
63,transformer-1751690081546-0,0.000,2.44
63,transformer-1751690081547-4,0.000,1.89
63,transformer-1751690081546-3,0.000,2.44
63,transformer-1751690081546-2,0.000,1.88
63,transformer-1751690081506-4,0.000,1.89
63,transformer-1751690081585-0,0.000,1.88
63,transformer-1751690081585-1,0.000,1.89
63,transformer-1751690081585-2,0.000,2.05
63,transformer-1751690081586-3,0.000,2.08
63,transformer-1751690081586-4,0.000,2.15
64,transformer-1751690081585-1,0.000,2.13
64,transformer-1751690081547-4,0.000,1.90
64,transformer-1751690081506-4,0.000,1.86
64,transformer-1751690081546-2,0.000,1.90
64,transformer-1751690081585-0,0.000,2.42
64,transformer-1751690081624-0,0.000,2.15
64,transformer-1751690081624-1,0.000,1.94
64,transformer-1751690081625-2,0.000,1.88
64,transformer-1751690081625-3,0.000,1.89
64,transformer-1751690081625-4,0.000,1.86
65,transformer-1751690081546-2,0.000,2.19
65,transformer-1751690081625-3,0.000,1.90
65,transformer-1751690081625-2,0.000,2.03
65,transformer-1751690081506-4,0.000,2.16
65,transformer-1751690081625-4,0.000,1.90
65,transformer-1751690081661-0,0.000,1.89
65,transformer-1751690081662-1,0.000,1.90
65,transformer-1751690081662-2,0.000,2.45
65,transformer-1751690081662-3,0.000,1.88
65,transformer-1751690081662-4,0.000,1.88
66,transformer-1751690081625-3,0.000,2.28
66,transformer-1751690081625-4,0.000,2.21
66,transformer-1751690081661-0,0.000,1.87
66,transformer-1751690081662-3,0.000,1.88
66,transformer-1751690081662-4,0.000,1.89
66,transformer-1751690081712-0,0.000,1.90
66,transformer-1751690081712-1,0.000,1.89
66,transformer-1751690081712-2,0.000,1.91
66,transformer-1751690081713-3,0.000,1.90
66,transformer-1751690081713-4,0.000,2.67
67,transformer-1751690081713-3,0.000,2.14
67,transformer-1751690081662-4,0.000,2.05
67,transformer-1751690081712-1,0.000,2.17
67,transformer-1751690081662-3,0.000,1.88
67,transformer-1751690081661-0,0.000,1.86
67,transformer-1751690081761-0,0.000,1.87
67,transformer-1751690081762-1,0.000,1.89
67,transformer-1751690081762-2,0.000,1.88
67,transformer-1751690081762-3,0.000,1.86
67,transformer-1751690081762-4,0.000,2.03
68,transformer-1751690081662-3,0.000,2.15
68,transformer-1751690081762-2,0.000,1.86
68,transformer-1751690081761-0,0.000,1.92
68,transformer-1751690081661-0,0.000,2.22
68,transformer-1751690081762-3,0.000,1.87
68,transformer-1751690081810-0,0.000,1.86
68,transformer-1751690081810-1,0.000,1.87
68,transformer-1751690081811-2,0.000,1.88
68,transformer-1751690081811-3,0.000,1.88
68,transformer-1751690081811-4,0.000,1.86
69,transformer-1751690081762-3,0.000,3.06
69,transformer-1751690081810-1,0.000,1.87
69,transformer-1751690081762-2,0.000,1.89
69,transformer-1751690081810-0,0.000,1.87
69,transformer-1751690081811-4,0.000,1.87
69,transformer-1751690081850-0,0.000,1.86
69,transformer-1751690081850-1,0.000,1.99
69,transformer-1751690081851-2,0.000,2.21
69,transformer-1751690081851-3,0.000,1.90
69,transformer-1751690081851-4,0.000,1.87
70,transformer-1751690081851-4,0.000,2.17
70,transformer-1751690081810-0,0.000,1.91
70,transformer-1751690081811-4,0.000,2.42
70,transformer-1751690081810-1,0.000,2.01
70,transformer-1751690081850-0,0.000,2.26
70,transformer-1751690081892-0,0.000,1.93
70,transformer-1751690081893-1,0.000,1.89
70,transformer-1751690081893-2,0.000,1.91
70,transformer-1751690081893-3,0.000,1.89
70,transformer-1751690081893-4,0.000,1.90
71,transformer-1751690081893-2,0.000,2.20
71,transformer-1751690081810-0,0.000,1.93
71,transformer-1751690081893-4,0.000,1.87
71,transformer-1751690081893-3,0.000,1.89
71,transformer-1751690081893-1,0.000,1.88
71,transformer-1751690081935-0,0.000,2.47
71,transformer-1751690081935-1,0.000,1.96
71,transformer-1751690081936-2,0.000,2.14
71,transformer-1751690081936-3,0.000,1.87
71,transformer-1751690081936-4,0.000,1.85
72,transformer-1751690081893-3,0.000,2.17
72,transformer-1751690081893-1,0.000,2.01
72,transformer-1751690081893-4,0.000,1.95
72,transformer-1751690081936-3,0.000,2.06
72,transformer-1751690081936-4,0.000,2.23
72,transformer-1751690081975-0,0.000,2.05
72,transformer-1751690081976-1,0.000,1.99
72,transformer-1751690081976-2,0.000,2.49
72,transformer-1751690081976-3,0.000,1.86
72,transformer-1751690081976-4,0.000,2.25
73,transformer-1751690081975-0,0.000,3.00
73,transformer-1751690081893-1,0.000,2.19
73,transformer-1751690081976-1,0.000,1.92
73,transformer-1751690081893-4,0.000,1.91
73,transformer-1751690081976-3,0.000,1.99
73,transformer-1751690082017-0,0.000,2.16
73,transformer-1751690082018-1,0.000,1.91
73,transformer-1751690082018-2,0.000,1.90
73,transformer-1751690082018-3,0.000,1.91
73,transformer-1751690082019-4,0.000,1.91
74,transformer-1751690082018-3,0.000,2.10
74,transformer-1751690082018-1,0.000,2.67
74,transformer-1751690082019-4,0.000,2.11
74,transformer-1751690081893-4,0.000,1.88
74,transformer-1751690082018-2,0.000,1.87
74,transformer-1751690082065-0,0.000,1.89
74,transformer-1751690082065-1,0.000,1.92
74,transformer-1751690082065-2,0.000,1.89
74,transformer-1751690082066-3,0.000,1.88
74,transformer-1751690082066-4,0.000,1.92
75,transformer-1751690082065-0,0.000,2.46
75,transformer-1751690082065-2,0.000,1.94
75,transformer-1751690082066-3,0.000,1.92
75,transformer-1751690081893-4,0.000,2.70
75,transformer-1751690082018-2,0.000,1.86
75,transformer-1751690082103-0,0.000,1.85
75,transformer-1751690082103-1,0.000,1.89
75,transformer-1751690082103-2,0.000,2.12
75,transformer-1751690082103-3,0.000,1.88
75,transformer-1751690082104-4,0.000,1.88
76,transformer-1751690082103-1,0.000,2.10
76,transformer-1751690082104-4,0.000,1.86
76,transformer-1751690082103-3,0.000,1.90
76,transformer-1751690082018-2,0.000,1.88
76,transformer-1751690082103-0,0.000,1.92
76,transformer-1751690082141-0,0.000,2.15
76,transformer-1751690082141-1,0.000,2.55
76,transformer-1751690082141-2,0.000,1.89
76,transformer-1751690082141-3,0.000,1.86
76,transformer-1751690082142-4,0.000,1.86
77,transformer-1751690082141-2,0.000,2.17
77,transformer-1751690082018-2,0.000,1.89
77,transformer-1751690082142-4,0.000,2.14
77,transformer-1751690082104-4,0.000,2.00
77,transformer-1751690082141-3,0.000,1.94
77,transformer-1751690082180-0,0.000,1.95
77,transformer-1751690082181-1,0.000,1.96
77,transformer-1751690082181-2,0.000,1.95
77,transformer-1751690082181-3,0.000,2.47
77,transformer-1751690082181-4,0.000,1.89
78,transformer-1751690082180-0,0.000,2.21
78,transformer-1751690082181-2,0.000,1.95
78,transformer-1751690082141-3,0.000,1.92
78,transformer-1751690082018-2,0.000,1.93
78,transformer-1751690082181-4,0.000,1.95
78,transformer-1751690082219-0,0.000,2.00
78,transformer-1751690082219-1,0.000,2.14
78,transformer-1751690082219-2,0.000,2.19
78,transformer-1751690082219-3,0.000,1.96
78,transformer-1751690082220-4,0.000,1.89
79,transformer-1751690082181-2,0.000,2.22
79,transformer-1751690082181-4,0.000,1.93
79,transformer-1751690082018-2,0.000,2.23
79,transformer-1751690082141-3,0.000,1.94
79,transformer-1751690082220-4,0.000,1.95
79,transformer-1751690082261-0,0.000,1.92
79,transformer-1751690082261-1,0.000,1.89
79,transformer-1751690082261-2,0.000,1.91
79,transformer-1751690082262-3,0.000,1.90
79,transformer-1751690082262-4,0.000,1.91
80,transformer-1751690082261-0,0.000,2.47
80,transformer-1751690082261-2,0.000,2.65
80,transformer-1751690082262-4,0.000,2.12
80,transformer-1751690082262-3,0.000,1.89
80,transformer-1751690082261-1,0.000,1.90
80,transformer-1751690082301-0,0.000,1.90
80,transformer-1751690082302-1,0.000,1.93
80,transformer-1751690082302-2,0.000,2.00
80,transformer-1751690082302-3,0.000,1.99
80,transformer-1751690082302-4,0.000,1.90
81,transformer-1751690082302-1,0.000,2.11
81,transformer-1751690082301-0,0.000,1.89
81,transformer-1751690082302-4,0.000,2.44
81,transformer-1751690082261-1,0.000,1.90
81,transformer-1751690082262-3,0.000,1.92
81,transformer-1751690082340-0,0.000,2.07
81,transformer-1751690082340-1,0.000,1.93
81,transformer-1751690082341-2,0.000,1.93
81,transformer-1751690082341-3,0.000,1.93
81,transformer-1751690082341-4,0.000,1.91
82,transformer-1751690082341-3,0.000,2.26
82,transformer-1751690082262-3,0.000,1.94
82,transformer-1751690082341-4,0.000,1.91
82,transformer-1751690082261-1,0.000,2.01
82,transformer-1751690082301-0,0.000,2.93
82,transformer-1751690082378-0,0.000,1.90
82,transformer-1751690082378-1,0.000,1.91
82,transformer-1751690082378-2,0.000,1.87
82,transformer-1751690082379-3,0.000,1.88
82,transformer-1751690082379-4,0.000,1.89
83,transformer-1751690082378-1,0.000,2.45
83,transformer-1751690082378-0,0.000,1.89
83,transformer-1751690082379-4,0.000,1.86
83,transformer-1751690082379-3,0.000,1.86
83,transformer-1751690082378-2,0.000,1.87
83,transformer-1751690082419-0,0.000,1.86
83,transformer-1751690082419-1,0.000,2.50
83,transformer-1751690082420-2,0.000,1.94
83,transformer-1751690082420-3,0.000,2.15
83,transformer-1751690082420-4,0.000,1.92
84,transformer-1751690082378-0,0.000,2.14
84,transformer-1751690082378-2,0.000,1.90
84,transformer-1751690082379-3,0.000,1.91
84,transformer-1751690082419-0,0.000,1.93
84,transformer-1751690082379-4,0.000,1.97
84,transformer-1751690082458-0,0.000,2.20
84,transformer-1751690082458-1,0.000,1.95
84,transformer-1751690082459-2,0.000,1.93
84,transformer-1751690082459-3,0.000,1.91
84,transformer-1751690082459-4,0.000,2.46
85,transformer-1751690082459-2,0.000,2.23
85,transformer-1751690082419-0,0.000,1.97
85,transformer-1751690082379-3,0.000,2.16
85,transformer-1751690082459-3,0.000,2.36
85,transformer-1751690082378-2,0.000,1.99
85,transformer-1751690082496-0,0.000,1.94
85,transformer-1751690082497-1,0.000,1.95
85,transformer-1751690082497-2,0.000,1.89
85,transformer-1751690082497-3,0.000,1.90
85,transformer-1751690082498-4,0.000,1.90
86,transformer-1751690082497-1,0.000,2.35
86,transformer-1751690082496-0,0.000,1.88
86,transformer-1751690082498-4,0.000,1.91
86,transformer-1751690082497-3,0.000,1.88
86,transformer-1751690082497-2,0.000,1.90
86,transformer-1751690082536-0,0.000,1.90
86,transformer-1751690082536-1,0.000,1.89
86,transformer-1751690082536-2,0.000,1.98
86,transformer-1751690082536-3,0.000,2.08
86,transformer-1751690082537-4,0.000,1.92
87,transformer-1751690082497-2,0.000,2.79
87,transformer-1751690082536-0,0.000,1.99
87,transformer-1751690082536-1,0.000,1.92
87,transformer-1751690082497-3,0.000,1.90
87,transformer-1751690082496-0,0.000,2.05
87,transformer-1751690082573-0,0.000,2.40
87,transformer-1751690082573-1,0.000,1.96
87,transformer-1751690082574-2,0.000,1.95
87,transformer-1751690082574-3,0.000,1.95
87,transformer-1751690082574-4,0.000,1.95
88,transformer-1751690082574-2,0.000,2.26
88,transformer-1751690082574-4,0.000,1.97
88,transformer-1751690082574-3,0.000,2.78
88,transformer-1751690082536-1,0.000,1.98
88,transformer-1751690082497-3,0.000,1.93
88,transformer-1751690082614-0,0.000,1.93
88,transformer-1751690082614-1,0.000,1.96
88,transformer-1751690082614-2,0.000,1.94
88,transformer-1751690082615-3,0.000,1.93
88,transformer-1751690082615-4,0.000,1.96
89,transformer-1751690082614-1,0.000,2.30
89,transformer-1751690082614-2,0.000,1.95
89,transformer-1751690082497-3,0.000,1.93
89,transformer-1751690082615-3,0.000,1.95
89,transformer-1751690082614-0,0.000,2.51
89,transformer-1751690082653-0,0.000,1.96
89,transformer-1751690082653-1,0.000,1.96
89,transformer-1751690082654-2,0.000,2.06
89,transformer-1751690082654-3,0.000,2.30
89,transformer-1751690082654-4,0.000,1.96
90,transformer-1751690082653-1,0.000,2.15
90,transformer-1751690082654-4,0.000,1.94
90,transformer-1751690082615-3,0.000,1.89
90,transformer-1751690082614-2,0.000,1.89
90,transformer-1751690082497-3,0.000,1.99
90,transformer-1751690082692-0,0.000,2.07
90,transformer-1751690082692-1,0.000,1.88
90,transformer-1751690082693-2,0.000,2.46
90,transformer-1751690082693-3,0.000,1.88
90,transformer-1751690082693-4,0.000,1.90
91,transformer-1751690082693-4,0.000,2.15
91,transformer-1751690082615-3,0.000,1.90
91,transformer-1751690082614-2,0.000,2.11
91,transformer-1751690082692-1,0.000,1.93
91,transformer-1751690082693-3,0.000,1.87
91,transformer-1751690082730-0,0.000,1.90
91,transformer-1751690082730-1,0.000,1.94
91,transformer-1751690082731-2,0.000,1.97
91,transformer-1751690082731-3,0.000,1.91
91,transformer-1751690082731-4,0.000,2.53
92,transformer-1751690082692-1,0.000,2.64
92,transformer-1751690082731-3,0.000,1.94
92,transformer-1751690082730-0,0.000,1.88
92,transformer-1751690082615-3,0.000,1.90
92,transformer-1751690082693-3,0.000,1.90
92,transformer-1751690082769-0,0.000,1.89
92,transformer-1751690082769-1,0.000,1.91
92,transformer-1751690082769-2,0.000,1.93
92,transformer-1751690082769-3,0.000,2.19
92,transformer-1751690082770-4,0.000,1.88
93,transformer-1751690082693-3,0.000,2.13
93,transformer-1751690082615-3,0.000,1.88
93,transformer-1751690082769-0,0.000,1.92
93,transformer-1751690082770-4,0.000,1.90
93,transformer-1751690082730-0,0.000,1.89
93,transformer-1751690082806-0,0.000,1.98
93,transformer-1751690082807-1,0.000,2.08
93,transformer-1751690082807-2,0.000,1.88
93,transformer-1751690082807-3,0.000,1.92
93,transformer-1751690082807-4,0.000,1.93
94,transformer-1751690082807-3,0.000,2.80
94,transformer-1751690082770-4,0.000,1.89
94,transformer-1751690082730-0,0.000,1.89
94,transformer-1751690082615-3,0.000,2.01
94,transformer-1751690082807-2,0.000,2.27
94,transformer-1751690082844-0,0.000,1.91
94,transformer-1751690082845-1,0.000,1.91
94,transformer-1751690082845-2,0.000,1.89
94,transformer-1751690082845-3,0.000,1.90
94,transformer-1751690082845-4,0.000,1.91
95,transformer-1751690082845-1,0.000,2.72
95,transformer-1751690082845-3,0.000,2.01
95,transformer-1751690082845-2,0.000,2.53
95,transformer-1751690082730-0,0.000,1.93
95,transformer-1751690082770-4,0.000,1.95
95,transformer-1751690082885-0,0.000,1.92
95,transformer-1751690082885-1,0.000,1.96
95,transformer-1751690082886-2,0.000,2.00
95,transformer-1751690082886-3,0.000,2.25
95,transformer-1751690082886-4,0.000,1.98
96,transformer-1751690082886-4,0.000,2.34
96,transformer-1751690082885-1,0.000,2.09
96,transformer-1751690082770-4,0.000,2.09
96,transformer-1751690082730-0,0.000,2.02
96,transformer-1751690082885-0,0.000,2.31
96,transformer-1751690082924-0,0.000,2.67
96,transformer-1751690082925-1,0.000,2.00
96,transformer-1751690082925-2,0.000,2.01
96,transformer-1751690082925-3,0.000,2.03
96,transformer-1751690082925-4,0.000,2.06
97,transformer-1751690082925-4,0.000,2.15
97,transformer-1751690082925-3,0.000,2.00
97,transformer-1751690082730-0,0.000,2.19
97,transformer-1751690082925-2,0.000,1.93
97,transformer-1751690082925-1,0.000,1.94
97,transformer-1751690082965-0,0.000,1.93
97,transformer-1751690082965-1,0.000,1.95
97,transformer-1751690082966-2,0.000,2.53
97,transformer-1751690082966-3,0.000,1.91
97,transformer-1751690082966-4,0.000,2.13
98,transformer-1751690082965-1,0.000,2.27
98,transformer-1751690082925-1,0.000,1.92
98,transformer-1751690082925-2,0.000,1.94
98,transformer-1751690082965-0,0.000,1.93
98,transformer-1751690082966-3,0.000,1.89
98,transformer-1751690083004-0,0.000,1.91
98,transformer-1751690083004-1,0.000,1.99
98,transformer-1751690083004-2,0.000,2.26
98,transformer-1751690083004-3,0.000,1.93
98,transformer-1751690083005-4,0.000,2.33
99,transformer-1751690082965-0,0.000,2.17
99,transformer-1751690083004-3,0.000,1.91
99,transformer-1751690082925-1,0.000,1.89
99,transformer-1751690083004-0,0.000,1.92
99,transformer-1751690082966-3,0.000,2.00
99,transformer-1751690083042-0,0.000,2.17
99,transformer-1751690083043-1,0.000,1.99
99,transformer-1751690083043-2,0.000,1.94
99,transformer-1751690083043-3,0.000,1.93
99,transformer-1751690083043-4,0.000,2.08
100,transformer-1751690083043-2,0.000,2.17
100,transformer-1751690083043-3,0.000,2.00
100,transformer-1751690083004-0,0.000,2.17
100,transformer-1751690083004-3,0.000,1.92
100,transformer-1751690082925-1,0.000,1.95
100,transformer-1751690083080-0,0.000,1.93
100,transformer-1751690083080-1,0.000,1.93
100,transformer-1751690083081-2,0.000,1.95
100,transformer-1751690083081-3,0.000,1.94
100,transformer-1751690083081-4,0.000,2.00
101,transformer-1751690083081-2,0.000,2.35
101,transformer-1751690083081-3,0.000,2.52
101,transformer-1751690083080-1,0.000,1.90
101,transformer-1751690083080-0,0.000,1.94
101,transformer-1751690083004-3,0.000,1.90
101,transformer-1751690083120-0,0.000,1.89
101,transformer-1751690083120-1,0.000,1.97
101,transformer-1751690083120-2,0.000,2.29
101,transformer-1751690083120-3,0.000,1.95
101,transformer-1751690083121-4,0.000,1.94
102,transformer-1751690083080-0,0.000,2.20
102,transformer-1751690083121-4,0.000,1.92
102,transformer-1751690083004-3,0.000,1.92
102,transformer-1751690083080-1,0.000,2.61
102,transformer-1751690083120-0,0.000,2.16
102,transformer-1751690083159-0,0.000,1.90
102,transformer-1751690083159-1,0.000,1.94
102,transformer-1751690083159-2,0.000,1.89
102,transformer-1751690083159-3,0.000,1.92
102,transformer-1751690083160-4,0.000,1.93
103,transformer-1751690083004-3,0.000,2.24
103,transformer-1751690083121-4,0.000,2.05
103,transformer-1751690083159-3,0.000,2.24
103,transformer-1751690083159-0,0.000,1.90
103,transformer-1751690083159-2,0.000,1.93
103,transformer-1751690083198-0,0.000,1.94
103,transformer-1751690083198-1,0.000,2.65
103,transformer-1751690083199-2,0.000,1.90
103,transformer-1751690083199-3,0.000,1.88
103,transformer-1751690083199-4,0.000,2.10
104,transformer-1751690083198-0,0.000,2.19
104,transformer-1751690083159-2,0.000,1.94
104,transformer-1751690083199-2,0.000,1.92
104,transformer-1751690083159-0,0.000,1.89
104,transformer-1751690083199-3,0.000,1.92
104,transformer-1751690083237-0,0.000,1.89
104,transformer-1751690083237-1,0.000,1.91
104,transformer-1751690083237-2,0.000,2.15
104,transformer-1751690083238-3,0.000,2.52
104,transformer-1751690083238-4,0.000,1.89
105,transformer-1751690083199-3,0.000,2.12
105,transformer-1751690083237-1,0.000,1.92
105,transformer-1751690083159-0,0.000,1.94
105,transformer-1751690083238-4,0.000,1.91
105,transformer-1751690083237-0,0.000,1.96
105,transformer-1751690083275-0,0.000,2.14
105,transformer-1751690083275-1,0.000,1.95
105,transformer-1751690083276-2,0.000,1.94
105,transformer-1751690083276-3,0.000,1.91
105,transformer-1751690083276-4,0.000,1.91
106,transformer-1751690083276-2,0.000,2.26
106,transformer-1751690083237-1,0.000,1.93
106,transformer-1751690083276-3,0.000,2.22
106,transformer-1751690083276-4,0.000,2.03
106,transformer-1751690083238-4,0.000,1.93
106,transformer-1751690083313-0,0.000,1.94
106,transformer-1751690083313-1,0.000,1.95
106,transformer-1751690083313-2,0.000,1.94
106,transformer-1751690083314-3,0.000,1.93
106,transformer-1751690083314-4,0.000,1.95
107,transformer-1751690083313-0,0.000,2.42
107,transformer-1751690083313-2,0.000,1.94
107,transformer-1751690083238-4,0.000,1.90
107,transformer-1751690083237-1,0.000,1.88
107,transformer-1751690083314-3,0.000,1.94
107,transformer-1751690083352-0,0.000,2.07
107,transformer-1751690083352-1,0.000,2.04
107,transformer-1751690083352-2,0.000,2.15
107,transformer-1751690083353-3,0.000,1.93
107,transformer-1751690083353-4,0.000,1.98
108,transformer-1751690083313-2,0.000,2.31
108,transformer-1751690083314-3,0.000,2.42
108,transformer-1751690083353-3,0.000,1.92
108,transformer-1751690083238-4,0.000,1.90
108,transformer-1751690083237-1,0.000,1.95
108,transformer-1751690083391-0,0.000,2.20
108,transformer-1751690083391-1,0.000,1.95
108,transformer-1751690083391-2,0.000,1.94
108,transformer-1751690083391-3,0.000,1.99
108,transformer-1751690083392-4,0.000,1.98
109,transformer-1751690083237-1,0.000,2.29
109,transformer-1751690083391-1,0.000,1.97
109,transformer-1751690083391-2,0.000,2.20
109,transformer-1751690083353-3,0.000,2.07
109,transformer-1751690083238-4,0.000,2.57
109,transformer-1751690083429-0,0.000,1.91
109,transformer-1751690083430-1,0.000,1.96
109,transformer-1751690083430-2,0.000,1.89
109,transformer-1751690083430-3,0.000,1.89
109,transformer-1751690083431-4,0.000,1.91
110,transformer-1751690083430-1,0.000,2.45
110,transformer-1751690083431-4,0.000,1.95
110,transformer-1751690083429-0,0.000,1.93
110,transformer-1751690083430-3,0.000,1.93
110,transformer-1751690083430-2,0.000,1.95
110,transformer-1751690083469-0,0.000,1.94
110,transformer-1751690083469-1,0.000,2.64
110,transformer-1751690083469-2,0.000,2.08
110,transformer-1751690083469-3,0.000,1.99
110,transformer-1751690083470-4,0.000,1.90
111,transformer-1751690083430-2,0.000,2.17
111,transformer-1751690083469-0,0.000,1.92
111,transformer-1751690083430-3,0.000,1.95
111,transformer-1751690083429-0,0.000,1.98
111,transformer-1751690083470-4,0.000,1.98
111,transformer-1751690083507-0,0.000,2.26
111,transformer-1751690083507-1,0.000,1.98
111,transformer-1751690083507-2,0.000,1.90
111,transformer-1751690083508-3,0.000,1.91
111,transformer-1751690083508-4,0.000,2.68
112,transformer-1751690083429-0,0.000,2.20
112,transformer-1751690083430-3,0.000,1.98
112,transformer-1751690083469-0,0.000,2.10
112,transformer-1751690083508-3,0.000,2.09
112,transformer-1751690083507-2,0.000,1.93
112,transformer-1751690083546-0,0.000,1.96
112,transformer-1751690083546-1,0.000,1.99
112,transformer-1751690083546-2,0.000,1.95
112,transformer-1751690083546-3,0.000,1.91
112,transformer-1751690083547-4,0.000,1.91
113,transformer-1751690083546-0,0.000,2.58
113,transformer-1751690083546-2,0.000,2.00
113,transformer-1751690083507-2,0.000,1.95
113,transformer-1751690083546-3,0.000,1.95
113,transformer-1751690083547-4,0.000,1.94
113,transformer-1751690083583-0,0.000,1.95
113,transformer-1751690083584-1,0.000,1.97
113,transformer-1751690083584-2,0.000,1.94
113,transformer-1751690083584-3,0.000,2.20
113,transformer-1751690083585-4,0.000,1.97
114,transformer-1751690083507-2,0.000,3.11
114,transformer-1751690083546-3,0.000,1.91
114,transformer-1751690083583-0,0.000,1.92
114,transformer-1751690083584-2,0.000,1.94
114,transformer-1751690083547-4,0.000,1.98
114,transformer-1751690083623-0,0.000,2.36
114,transformer-1751690083624-1,0.000,1.97
114,transformer-1751690083624-2,0.000,1.93
114,transformer-1751690083624-3,0.000,1.95
114,transformer-1751690083624-4,0.000,1.89
115,transformer-1751690083584-2,0.000,2.33
115,transformer-1751690083624-2,0.000,2.05
115,transformer-1751690083583-0,0.000,2.95
115,transformer-1751690083546-3,0.000,1.98
115,transformer-1751690083624-4,0.000,1.99
115,transformer-1751690083662-0,0.000,1.92
115,transformer-1751690083663-1,0.000,1.98
115,transformer-1751690083663-2,0.000,1.93
115,transformer-1751690083663-3,0.000,1.97
115,transformer-1751690083664-4,0.000,1.93
116,transformer-1751690083546-3,0.000,2.50
116,transformer-1751690083663-3,0.000,1.97
116,transformer-1751690083663-2,0.000,1.94
116,transformer-1751690083664-4,0.000,1.95
116,transformer-1751690083662-0,0.000,2.61
116,transformer-1751690083701-0,0.000,1.91
116,transformer-1751690083702-1,0.000,1.93
116,transformer-1751690083702-2,0.000,1.92
116,transformer-1751690083702-3,0.000,2.15
116,transformer-1751690083703-4,0.000,1.93
117,transformer-1751690083663-2,0.000,2.19
117,transformer-1751690083703-4,0.000,1.96
117,transformer-1751690083702-1,0.000,1.98
117,transformer-1751690083702-2,0.000,1.93
117,transformer-1751690083701-0,0.000,1.94
117,transformer-1751690083740-0,0.000,2.08
117,transformer-1751690083740-1,0.000,2.11
117,transformer-1751690083740-2,0.000,2.85
117,transformer-1751690083741-3,0.000,1.93
117,transformer-1751690083741-4,0.000,1.92
118,transformer-1751690083703-4,0.000,2.32
118,transformer-1751690083701-0,0.000,1.93
118,transformer-1751690083702-2,0.000,1.98
118,transformer-1751690083741-3,0.000,2.23
118,transformer-1751690083741-4,0.000,1.94
118,transformer-1751690083779-0,0.000,1.92
118,transformer-1751690083779-1,0.000,1.91
118,transformer-1751690083779-2,0.000,1.96
118,transformer-1751690083780-3,0.000,1.90
118,transformer-1751690083780-4,0.000,2.55
119,transformer-1751690083741-4,0.000,2.64
119,transformer-1751690083701-0,0.000,2.10
119,transformer-1751690083779-0,0.000,1.93
119,transformer-1751690083779-1,0.000,1.92
119,transformer-1751690083780-3,0.000,1.92
119,transformer-1751690083818-0,0.000,1.98
119,transformer-1751690083818-1,0.000,1.96
119,transformer-1751690083819-2,0.000,1.92
119,transformer-1751690083819-3,0.000,2.68
119,transformer-1751690083819-4,0.000,1.94
120,transformer-1751690083819-4,0.000,2.27
120,transformer-1751690083779-0,0.000,1.91
120,transformer-1751690083780-3,0.000,1.92
120,transformer-1751690083779-1,0.000,1.93
120,transformer-1751690083819-2,0.000,2.18
120,transformer-1751690083859-0,0.000,1.98
120,transformer-1751690083859-1,0.000,1.95
120,transformer-1751690083859-2,0.000,3.19
120,transformer-1751690083859-3,0.000,2.71
120,transformer-1751690083860-4,0.000,2.43
121,transformer-1751690083859-0,0.000,3.04
121,transformer-1751690083859-1,0.000,1.93
121,transformer-1751690083779-1,0.000,1.90
121,transformer-1751690083780-3,0.000,2.15
121,transformer-1751690083779-0,0.000,1.99
121,transformer-1751690083902-0,0.000,2.39
121,transformer-1751690083902-1,0.000,1.93
121,transformer-1751690083903-2,0.000,1.89
121,transformer-1751690083903-3,0.000,1.91
121,transformer-1751690083903-4,0.000,1.91
122,transformer-1751690083859-1,0.000,2.17
122,transformer-1751690083903-4,0.000,2.84
122,transformer-1751690083903-3,0.000,1.99
122,transformer-1751690083779-1,0.000,1.86
122,transformer-1751690083903-2,0.000,1.90
122,transformer-1751690083948-0,0.000,1.91
122,transformer-1751690083948-1,0.000,1.93
122,transformer-1751690083948-2,0.000,1.90
122,transformer-1751690083948-3,0.000,1.90
122,transformer-1751690083949-4,0.000,1.97
123,transformer-1751690083948-0,0.000,2.18
123,transformer-1751690083903-2,0.000,1.88
123,transformer-1751690083948-2,0.000,1.90
123,transformer-1751690083948-3,0.000,2.76
123,transformer-1751690083779-1,0.000,1.89
123,transformer-1751690083986-0,0.000,1.85
123,transformer-1751690083987-1,0.000,1.89
123,transformer-1751690083987-2,0.000,2.11
123,transformer-1751690083987-3,0.000,1.89
123,transformer-1751690083987-4,0.000,1.90
124,transformer-1751690083779-1,0.000,2.09
124,transformer-1751690083987-3,0.000,1.86
124,transformer-1751690083987-1,0.000,1.88
124,transformer-1751690083903-2,0.000,1.86
124,transformer-1751690083986-0,0.000,1.88
124,transformer-1751690084024-0,0.000,2.07
124,transformer-1751690084024-1,0.000,2.57
124,transformer-1751690084025-2,0.000,1.86
124,transformer-1751690084025-3,0.000,1.89
124,transformer-1751690084025-4,0.000,1.87
125,transformer-1751690083986-0,0.000,2.16
125,transformer-1751690084025-4,0.000,1.89
125,transformer-1751690083987-3,0.000,1.87
125,transformer-1751690084025-2,0.000,2.19
125,transformer-1751690083903-2,0.000,1.90
125,transformer-1751690084062-0,0.000,1.88
125,transformer-1751690084062-1,0.000,1.90
125,transformer-1751690084062-2,0.000,1.88
125,transformer-1751690084063-3,0.000,2.44
125,transformer-1751690084063-4,0.000,1.87
126,transformer-1751690084025-4,0.000,2.20
126,transformer-1751690084062-0,0.000,2.11
126,transformer-1751690084062-2,0.000,1.89
126,transformer-1751690084063-4,0.000,1.87
126,transformer-1751690083987-3,0.000,1.89
126,transformer-1751690084100-0,0.000,1.90
126,transformer-1751690084100-1,0.000,1.91
126,transformer-1751690084101-2,0.000,1.89
126,transformer-1751690084101-3,0.000,1.88
126,transformer-1751690084101-4,0.000,2.13
127,transformer-1751690084062-2,0.000,2.19
127,transformer-1751690084101-2,0.000,1.88
127,transformer-1751690083987-3,0.000,1.86
127,transformer-1751690084101-3,0.000,1.87
127,transformer-1751690084063-4,0.000,1.87
127,transformer-1751690084138-0,0.000,1.86
127,transformer-1751690084138-1,0.000,1.97
127,transformer-1751690084138-2,0.000,2.22
127,transformer-1751690084139-3,0.000,1.91
127,transformer-1751690084139-4,0.000,1.86
128,transformer-1751690084063-4,0.000,2.12
128,transformer-1751690084101-3,0.000,1.86
128,transformer-1751690084138-0,0.000,1.89
128,transformer-1751690083987-3,0.000,1.90
128,transformer-1751690084139-4,0.000,2.01
128,transformer-1751690084176-0,0.000,2.04
128,transformer-1751690084176-1,0.000,1.89
128,transformer-1751690084176-2,0.000,1.91
128,transformer-1751690084176-3,0.000,1.86
128,transformer-1751690084177-4,0.000,1.87
129,transformer-1751690084176-1,0.000,2.19
129,transformer-1751690084138-0,0.000,1.90
129,transformer-1751690084177-4,0.000,2.69
129,transformer-1751690084176-3,0.000,1.88
129,transformer-1751690084101-3,0.000,1.87
129,transformer-1751690084213-0,0.000,1.87
129,transformer-1751690084214-1,0.000,1.89
129,transformer-1751690084214-2,0.000,1.90
129,transformer-1751690084214-3,0.000,1.90
129,transformer-1751690084214-4,0.000,1.87
130,transformer-1751690084214-1,0.000,3.09
130,transformer-1751690084176-3,0.000,2.08
130,transformer-1751690084101-3,0.000,1.97
130,transformer-1751690084214-4,0.000,1.96
130,transformer-1751690084213-0,0.000,2.59
130,transformer-1751690084251-0,0.000,1.96
130,transformer-1751690084252-1,0.000,1.96
130,transformer-1751690084252-2,0.000,2.24
130,transformer-1751690084252-3,0.000,2.00
130,transformer-1751690084252-4,0.000,1.93
131,transformer-1751690084101-3,0.000,2.21
131,transformer-1751690084251-0,0.000,1.87
131,transformer-1751690084214-4,0.000,1.94
131,transformer-1751690084252-1,0.000,2.64
131,transformer-1751690084252-4,0.000,2.40
131,transformer-1751690084291-0,0.000,1.97
131,transformer-1751690084292-1,0.000,2.49
131,transformer-1751690084292-2,0.000,1.88
131,transformer-1751690084292-3,0.000,1.90
131,transformer-1751690084292-4,0.000,1.87
132,transformer-1751690084214-4,0.000,2.19
132,transformer-1751690084292-3,0.000,2.01
132,transformer-1751690084292-2,0.000,2.34
132,transformer-1751690084292-4,0.000,1.97
132,transformer-1751690084251-0,0.000,1.96
132,transformer-1751690084331-0,0.000,1.97
132,transformer-1751690084331-1,0.000,2.05
132,transformer-1751690084331-2,0.000,1.86
132,transformer-1751690084332-3,0.000,1.85
132,transformer-1751690084332-4,0.000,2.45
133,transformer-1751690084331-0,0.000,2.56
133,transformer-1751690084292-4,0.000,1.84
133,transformer-1751690084251-0,0.000,1.83
133,transformer-1751690084331-2,0.000,1.88
133,transformer-1751690084332-3,0.000,1.86
133,transformer-1751690084369-0,0.000,1.86
133,transformer-1751690084369-1,0.000,1.86
133,transformer-1751690084370-2,0.000,1.90
133,transformer-1751690084370-3,0.000,2.47
133,transformer-1751690084370-4,0.000,1.84
134,transformer-1751690084369-1,0.000,2.06
134,transformer-1751690084369-0,0.000,1.85
134,transformer-1751690084370-4,0.000,1.84
134,transformer-1751690084292-4,0.000,1.86
134,transformer-1751690084251-0,0.000,1.85
134,transformer-1751690084407-0,0.000,1.90
134,transformer-1751690084407-1,0.000,2.15
134,transformer-1751690084407-2,0.000,1.84
134,transformer-1751690084407-3,0.000,1.84
134,transformer-1751690084408-4,0.000,1.83
135,transformer-1751690084369-0,0.000,2.73
135,transformer-1751690084407-2,0.000,1.82
135,transformer-1751690084370-4,0.000,1.82
135,transformer-1751690084407-3,0.000,1.91
135,transformer-1751690084408-4,0.000,2.13
135,transformer-1751690084444-0,0.000,1.83
135,transformer-1751690084444-1,0.000,1.83
135,transformer-1751690084445-2,0.000,1.85
135,transformer-1751690084445-3,0.000,1.82
135,transformer-1751690084445-4,0.000,1.80
136,transformer-1751690084444-1,0.000,2.09
136,transformer-1751690084445-3,0.000,1.84
136,transformer-1751690084370-4,0.000,2.72
136,transformer-1751690084407-2,0.000,1.85
136,transformer-1751690084445-4,0.000,1.86
136,transformer-1751690084481-0,0.000,1.85
136,transformer-1751690084482-1,0.000,1.87
136,transformer-1751690084482-2,0.000,1.86
136,transformer-1751690084482-3,0.000,1.85
136,transformer-1751690084482-4,0.000,1.84
137,transformer-1751690084482-3,0.000,2.46
137,transformer-1751690084481-0,0.000,1.85
137,transformer-1751690084407-2,0.000,1.82
137,transformer-1751690084445-3,0.000,1.82
137,transformer-1751690084482-4,0.000,2.39
137,transformer-1751690084519-0,0.000,1.84
137,transformer-1751690084519-1,0.000,1.82
137,transformer-1751690084519-2,0.000,1.84
137,transformer-1751690084520-3,0.000,2.10
137,transformer-1751690084520-4,0.000,1.83
138,transformer-1751690084519-0,0.000,2.03
138,transformer-1751690084520-4,0.000,1.81
138,transformer-1751690084407-2,0.000,1.84
138,transformer-1751690084445-3,0.000,1.86
138,transformer-1751690084519-1,0.000,1.85
138,transformer-1751690084556-0,0.000,1.86
138,transformer-1751690084556-1,0.000,2.07
138,transformer-1751690084557-2,0.000,2.43
138,transformer-1751690084557-3,0.000,1.82
138,transformer-1751690084557-4,0.000,1.83
139,transformer-1751690084519-1,0.000,2.06
139,transformer-1751690084407-2,0.000,1.85
139,transformer-1751690084557-4,0.000,1.85
139,transformer-1751690084557-3,0.000,1.86
139,transformer-1751690084520-4,0.000,2.06
139,transformer-1751690084593-0,0.000,1.86
139,transformer-1751690084593-1,0.000,1.89
139,transformer-1751690084593-2,0.000,1.86
139,transformer-1751690084594-3,0.000,1.86
139,transformer-1751690084594-4,0.000,2.43
140,transformer-1751690084593-0,0.000,2.13
140,transformer-1751690084594-3,0.000,1.87
140,transformer-1751690084557-3,0.000,1.93
140,transformer-1751690084557-4,0.000,2.00
140,transformer-1751690084407-2,0.000,1.93
140,transformer-1751690084630-0,0.000,1.89
140,transformer-1751690084630-1,0.000,1.84
140,transformer-1751690084631-2,0.000,1.86
140,transformer-1751690084631-3,0.000,1.85
140,transformer-1751690084631-4,0.000,1.85
141,transformer-1751690084594-3,0.000,2.49
141,transformer-1751690084631-2,0.000,1.90
141,transformer-1751690084631-3,0.000,1.83
141,transformer-1751690084631-4,0.000,1.83
141,transformer-1751690084630-1,0.000,1.84
141,transformer-1751690084667-0,0.000,1.86
141,transformer-1751690084667-1,0.000,1.85
141,transformer-1751690084668-2,0.000,1.86
141,transformer-1751690084668-3,0.000,1.92
141,transformer-1751690084668-4,0.000,2.10
142,transformer-1751690084667-0,0.000,2.63
142,transformer-1751690084667-1,0.000,1.84
142,transformer-1751690084630-1,0.000,1.83
142,transformer-1751690084631-3,0.000,1.82
142,transformer-1751690084631-4,0.000,1.82
142,transformer-1751690084705-0,0.000,1.83
142,transformer-1751690084705-1,0.000,1.88
142,transformer-1751690084705-2,0.000,2.05
142,transformer-1751690084705-3,0.000,1.82
142,transformer-1751690084706-4,0.000,1.82
143,transformer-1751690084705-0,0.000,2.12
143,transformer-1751690084706-4,0.000,1.83
143,transformer-1751690084631-4,0.000,2.37
143,transformer-1751690084631-3,0.000,1.89
143,transformer-1751690084705-3,0.000,1.95
143,transformer-1751690084741-0,0.000,2.35
143,transformer-1751690084742-1,0.000,1.90
143,transformer-1751690084742-2,0.000,1.87
143,transformer-1751690084742-3,0.000,1.85
143,transformer-1751690084742-4,0.000,1.85
144,transformer-1751690084631-3,0.000,2.07
144,transformer-1751690084742-2,0.000,1.84
144,transformer-1751690084742-4,0.000,1.88
144,transformer-1751690084742-3,0.000,2.09
144,transformer-1751690084706-4,0.000,1.86
144,transformer-1751690084779-0,0.000,2.49
